-- phpMyAdmin SQL Dump
-- version 5.2.0
-- https://www.phpmyadmin.net/
--
-- Хост: 127.0.0.1:3306
-- Время создания: Май 20 2023 г., 06:59
-- Версия сервера: 10.8.4-MariaDB-log
-- Версия PHP: 7.2.34

SET SQL_MODE = "NO_AUTO_VALUE_ON_ZERO";
START TRANSACTION;
SET time_zone = "+00:00";


/*!40101 SET @OLD_CHARACTER_SET_CLIENT=@@CHARACTER_SET_CLIENT */;
/*!40101 SET @OLD_CHARACTER_SET_RESULTS=@@CHARACTER_SET_RESULTS */;
/*!40101 SET @OLD_COLLATION_CONNECTION=@@COLLATION_CONNECTION */;
/*!40101 SET NAMES utf8mb4 */;

--
-- База данных: `ourworld`
--

-- --------------------------------------------------------

--
-- Структура таблицы `articles`
--

CREATE TABLE `articles` (
  `id` bigint(24) NOT NULL,
  `title` varchar(255) COLLATE utf8mb4_unicode_ci DEFAULT NULL,
  `short` varchar(500) COLLATE utf8mb4_unicode_ci DEFAULT NULL,
  `category_id` bigint(24) DEFAULT NULL,
  `body` text COLLATE utf8mb4_unicode_ci DEFAULT NULL,
  `image` varchar(500) COLLATE utf8mb4_unicode_ci DEFAULT NULL,
  `user_id` bigint(24) DEFAULT NULL,
  `time` date NOT NULL DEFAULT current_timestamp(),
  `public` int(10) DEFAULT 1
) ENGINE=InnoDB DEFAULT CHARSET=utf8mb4 COLLATE=utf8mb4_unicode_ci;

--
-- Дамп данных таблицы `articles`
--

INSERT INTO `articles` (`id`, `title`, `short`, `category_id`, `body`, `image`, `user_id`, `time`, `public`) VALUES
(1, 'Амурский тигр', 'Хищник из семейства кошачьих, рода пантер, класса млекопитающих.', 3, 'В России живет самая крупная в мире хищная кошка — Амурский тигр. В народе животное окрестили по названию тайги — уссурийским или по названию региона — дальневосточным, а иностранцы называют животное сибирским тигром. На латыни подвид обозначают panthera tigris altaica. Разницы нет, но официальное название всё же — амурский тигр. У редкого зверя густая длинная шерсть — она защищает от таежных морозов, а черные полосы на ней маскируют от недругов. Шубка амурского тигра не такая яркая и полосатая в отличие от других подвидов. Цвет зимой и летом не меняется — остается рыжим, но зимой немного светлее, чем летом. У зверя довольно широкие лапы — они помогают ходить по глубокому снегу. Символ Дальнего Востока занесен в Красную книгу. В 1930-х годах охотники почти истребили амурских тигров. Чтобы спасти зверя от исчезновения, государство запретило на него охоту, и с 1960-х годов численность стала расти. За 90 лет популяция увеличилась в 20 раз. Сегодня популяция тигра в России оценивается в 750 особей. Продолжительность жизни зависит от условий. В неволе животное проживет до 20 лет, потому что у него есть безопасный дом, еда и ветеринары. В дикой тайге нередко бывает наоборот: мороз -40°С, отсутствие животных для пропитания, борьба за свободную территорию, браконьерство. На свободе тигры проживают счастливую жизнь, но вдвое короче — примерно 10 лет. Хотя и этого достаточно, чтобы жить дольше своих собратьев по виду.', 'storage/images/1684500442_0-3.jpg', 2, '2023-04-21', 1),
(2, 'Земля', 'Земля — третья по удаленности от Солнца и пятая по размерам планета Солнечной системы', 2, 'Среди планет земной группы (Меркурий, Венера, Марс и Земля) лидирует по диаметру, массе и плотности. Движется почти по круговой орбите на среднем расстоянии от Солнца 149 598 370 км (1 а. е.) с периодом 365 дней, 6 часов, 9 минут, 10 секунд. Средний радиус — 6371 км. Имеет один естественный спутник — Луну. Как и другие планеты земной группы, Земля имеет слоистое строение. Внутри находится металлическое ядро радиусом около 3500 км, состоящее из железа и никеля. Его внутренняя часть радиусом 1300 км твердая, остальная часть — жидкая. Температура в центре предположительно 6000 градусов Цельсия. Ядро окружено твердой мантией, простирающейся до глубин 5-70 км, которая упрятана под верхней оболочкой планеты — земной корой. Поверхность Земли на 70% занята океаном. Остальное — медленно мигрирующие континенты, которые время от времени собирались в суперконтинент. Эффект динамо, свойственный жидкой части ядра, породил магнитное поле планеты, достаточно сильное, для того чтобы защитить ее поверхность от высокоэнергичной части солнечного излучения. Благодаря магнитному полю земная атмосфера не уносится в космос солнечным ветром и достаточно густа и богата кислородом. Именно по этим причинам Земля — единственное место во Вселенной из известных на сегодня, где имеется биосфера, а также относительно высокоразвитая цивилизация относительно разумного человечества. Земля сформировалась примерно 4,54 миллиарда лет назад, причем весь процесс ее формирования занял от силы 10-20 миллионов лет. Вероятно, довольно скоро на ней возникли и первые микроорганизмы, о причинах и механизме появления которых ученые спорят до сих пор. У наших же первых предков, прямоходящих гоминид, возраст намного скромнее, но они появились как минимум около миллиона лет назад. Во многих языках мира «Землю» принято обозначать латинским словом terra («твердь»). Происхождение русского слова точно неизвестно, скорее всего, оно произошло от основы zem, которое изначально имело значение «низ», «то, что внизу».', 'storage/images/1684500641_Africa_and_Europe_from_a_Million_Miles_Away.png', 2, '2023-04-21', 1),
(3, 'Байкал', 'Байкал: города и районы Байкала, отдых, экскурсии, заповедники, парки, музеи, церкви, достопримечательности.', 1, 'Озеро Байкал расположено на границе Иркутской области и Республики Бурятия — в центре Азиатского континента. «Голубое око Сибири», «Священное море», «Бриллиант планеты» — так называют Байкал. Глубоководное озеро хранит крупнейший мировой запас пресной воды, уникальной по составу. Она не только чистая и прозрачная, но и содержит так мало минеральных солей, что приравнивается к дистиллированной. В форме рождающегося полумесяца Байкал вытянулся с юго-запада на северо-восток. Длина озера — 636 км, наибольшая ширина в центральной части — 81 км, минимальная ширина напротив дельты Селенги — 27 км. Расположен Байкал на высоте 455 м над уровнем моря, длина береговой линии — около 2 тыс. км. Более половины длины береговой линии озера находится под охраной. В Байкал впадают около 300 рек и ручьев, при этом половину объема воды, поступающей в озеро, приносит река Селенга. Из Байкала вытекает единственная река — Ангара. На озере — около 20 островов, самый крупный из которых — Ольхон. Со всех сторон Байкал окружен горными хребтами и сопками — западное побережье более скалистое и обрывистое, чем восточное. Живописные окрестности с исключительным разнообразием флоры и фауны привлекают туристов со всего мира. Этот регион получил статус заповедника планетарного значения. По количеству редких, произрастающих только здесь растений, он превосходит Мадагаскар и Галапагосские острова. Самое благоприятное время для отдыха на Байкале — с мая по октябрь. Летом кроме экскурсий, походов и рыбалки туристам доступен пляжный отдых, а зимой — занятия горнолыжным спортом.', 'storage/images/1684500926_RIAN_5626737.HR_.ru_.jpg', 2, '2023-04-21', 1),
(7, 'RTX 4090', 'Самая мощная игровая видеокарта', 4, 'С тех пор, как NVIDIA представила первые чипы с аппаратной трассировкой лучей, эволюция «зеленых» видеокарт вернулась на путь роста чистой производительности, в то время как основы логики и функциональности GPU уже были заложены на годы вперед. Кремний Ampere привнес существенные корректировки в архитектуру, и все-таки по сравнению с предыдущим поколением чипов, Turing, изменения носили уже преимущественно экстенсивный характер. Что касается семейства Ada Lovelace, которое легло в основу ускорителей 40-й серии, то главные нововведения, реализованные в этих кристаллах, связаны со специализированными блоками графического процессора. Приоритетом вновь стала энергоэффективность, а главное — быстродействие в абсолютных величинах, которое зиждется на количественных параметрах GPU. Благодаря тому, что NVIDIA вновь получила доступ к передовой фотолитографии TSMC, ей удалось выпустить чипы с ранее немыслимым компонентным бюджетом и тактовыми частотами, стремящимися к отметке 3 ГГц. Результат — межпоколенческая разница в производительности GPU по золотому стандарту GeForce GTX 1080 Ti. Кроме того, 40-я серия GeForce появилась в более благоприятное время, чем 30-я, которой пришлось выдержать тройной удар: от глобального дефицита полупроводников, пандемии и криптовалютного бума, а значит, кризис доступности видеокарт уже не повторится — по крайней мере, в таком же масштабе. Всем существующим позициям 30-й серии рано или поздно предстоит замена 40-ми эквивалентами, но пока NVIDIA ограничилась двумя старшими моделями — GeForce RTX 4080 и RTX 4090, которые оценены в $1 199 и $1 599 соответственно. Даже RTX 4080 сулит ощутимо большую производительность по сравнению со старшими представителями GeForce 30, но его релиз состоится 16 ноября. А флагманский GeForce RTX 4090 уже здесь и готов к обзору, пусть и с изрядной задержкой после того, как новинку успели оценить наши зарубежные коллеги.', 'storage/images/1684501063_nvidia-geforce-rtx4090-fe-testsample-00007_1920px.jpg', 2, '2023-05-19', 1),
(8, 'Хаски', 'Хаски – собирательное название северных ездовых собак и их метисов.', 3, 'Человек при упоминании этих собак обычно представляет себе яркую внешность собаки породы «сибирский хаски»: крупное, похожее на волка животное, со средней длины шерстью и густым подшерстком, серо- или черно-белое, с голубыми или даже разными по цвету глазами. Название породы «хаски» происходит от искаженного «эски» – так канадцы называли эскимосов. Корни породы. Современные хаски – потомки многочисленных аборигенных ездовых собак Крайнего Севера: Чукотки, Колымы, районов Охотского моря. Местные народы – нивхи, чукчи, поморцы, юкагиры, азиатские эскимосы занимались ловлей рыбы, охотой на морского зверя, разведением северных оленей. Их верным другом, компаньоном и помощником стала выносливая и неприхотливая собака хаски. Когда на Аляске началась золотая лихорадка, ездовые собаки Русского Севера перекочевали туда. Собаки в упряжках были основным средством передвижения на севере вплоть до появления снегоходов. В 1934 году в США был зарегистрирован первый стандарт породы Сибирский хаски. История Того и Балто. История этих собак содержит интересные факты, временами с драматическими и героическими оттенками. В Центральном парке Нью-Йорка стоит памятник упряжки хаски во главе с вожаком по кличке Балто. Эта упряжка доставила в город Ном противодифтерийную сыворотку и, по сути, остановила эпидемию дифтерии в труднодоступном заснеженном городке на Аляске зимой 1925 года. Но на самом деле настоящим героем этой «гонки милосердия» стала другая собака – пес, принадлежащий норвежскому каюру Леонарду Сеппала, по кличке Того. Того, в качестве вожака упряжки, преодолевая мороз и бурю, прошел больше 400 километров и затем упал без сил. На момент событий ему уже исполнилось 10 лет. Последний, совсем небольшой отрезок пути, сыворотку везла упряжка другого каюра с хаски по кличке Балто во главе. И Балто с каюром Гуннаром Каасеном досталась вся слава победителей: памятник с изображением собаки-вожака упряжки в Центральном Парке лепили именно с него, а в Голливуде был снят короткометражный фильм по этой истории. Того выжил и прожил до 16 лет, его чучело стоит в музее в небольшом канадском городке. Разделение породы. И до, и после этой героической гонки хаски принимали участие во многих забегах. В 1970-х годах ездовой спорт с собаками пережил второе рождение и стал снова набирать популярность. А в породе «сибирский хаски» произошло условное разделение на «ездовых», «спортивных» и «шоу» собак', 'storage/images/1684501334_хаски 2.jpg', 1, '2023-05-19', 1),
(9, 'Восточно-Сибирская тайга', 'Восточно-Сибирская тайга — экорегион тайги, находится на территории бассейнов двух крупнейших сибирских рек — Енисея и Лены.', 1, 'Восточно-Сибирская тайга — экорегион тайги, находится на территории бассейнов двух крупнейших сибирских рек — Енисея и Лены. Восточная часть региона занимает бассейн реки Лены вплоть до Верхоянского хребта, с запада экорегион ограничен рекой Енисей. Это крупнейшее в мире пространство, занятое нетронутыми лесами, простирается на 20 градусов с востока на запад, от 52° с. ш. до полярного круга, максимальная протяжённость с севера на юг — 1600 км. Всемирный фонд дикой природы включает его в список двухсот важнейших для сохранения экосистем — Global 200. Здесь встречается большинство биологических видов, характерных для Сибири. Преобладают лиственничные леса. Характеризуется низкой распространённостью болот. Большая часть региона расположена на Сибирской платформе, горообразовательные процессы на его территории завершены. Обширные равнины центральной части Якутии сформированы мощными аллювиальными отложениями. На Среднесибирском плоскогорье происходят интенсивные карстовые процессы. На территории Восточно-Сибирской тайги много полезных ископаемых. Таежные просторы занимают в Сибири огромные пространства, это самый большой лес в мире. Протяженность неоднородных по составу древостоя хвойных сибирских лесов до 9 тысяч километров. Затерянный лесной мир, где никогда не бывает человек, таит на огромных площадях в себе нечто загадочное, таинственное, непознанное и опасное. Хвойный лес северного полушария ученые уверенно называют «зелеными легкими планеты», именно от их состояния и фотосинтеза зависит хрупкий баланс кислорода и углекислого газа в окружающем воздухе. Здесь находятся богатейшие запасы ценной строевой древесины, залежи важнейших полезных ископаемых, бурные реки, перспективные на выработку дешевой электроэнергии, множество пушных животных, важнейшее растительное сырье.Таежная зона в Сибири делится на три хорошо выраженные подзоны, которые существенно отличаются друг от друга климатическими условиями, расположением на карте страны, наличием вечной мерзлоты, растительностью и животным миром. Северный таежный пояс расположен между зоной тундры и 65 параллелью, к югу от Таймыра в низовьях Оби, Енисея и Лены. В данной подзоне суровый климат с холодной продолжительной зимой и коротким прохладным летом. Территория имеет мерзлотный грунт и вследствие этого сильную заболоченность, поэтому лес здесь низкорослый и редкий. В сфагновых и лишайниковых ельниках вместе с березой встречаются болотные и тундровые травы и кустарники. Процесс образования типичных таежных подзолистых почв здесь сильно осложнен процессами заболачивания. Почвы здесь глеево-подзолистые, южнее аллювиальные малогумусные, болотно-подзолистые. Средний таежный пояс расположен гораздо южнее в среднем течении рек Обь, Енисей и Лена. Территория отличается умеренностью климата с морозными зимами и теплым летом. Здесь широко распространены разные типы болот и довольно высокая влажность. Леса в этой подзоне с деревьями обычной высоты, сомкнутым древостоем и преобладанием ели, такие леса часто называют черневой или типичной тайгой. На юге типичной тайги среди хвойных пород встречаются широколиственные деревья. В типичной тайге создаются оптимальные природные условия для подзолообразовательного процесса и формируются подзолистые почвы. Южный таежный пояс протянулся по южным регионам Сибири, Кузбассу, Томской и Омской областям, югу Красноярского края, Иркутской области, Туве, Алтаю и северу Хакасии. Здесь природные и климатические условия благоприятные для произрастания хвойного леса. Флора и фауна южного пояса тайги богаты и разнообразны. Кроме участков черневой пихтовой и еловой тайги здесь распространены лиственничные светлые леса и сосновые боры. Площади заболоченных земель резко сокращаются, усиливаются почвообразовательные дерновые процессы.', 'storage/images/1684501534_fe3f47f92d1f4202bb195afa20f03063.max-2500x1500.jpg', 1, '2023-05-19', 1),
(10, 'Philips V Line 243V', 'неплохой представитель современных бюджетных мониторов.', 4, 'Рынок мониторов настолько большой, что просто глаза разбегаются, когда назревает вопрос о покупке нового экрана. Кто-то любит побольше диагональ и разрешение, кому-то важна скорость отклика и большая герцовка, но для большинства рядовых пользователей вопрос соотношения цены/качества стоит во главе. Однако не все располагают большими бюджетами на дорогие модели, да и не всем они нужны — зачастую требуется лишь качественный и недорогой дисплей без излишеств с добротно картинкой за умеренный прайс для офисной работы и учёбы. Сегодня мы поговорим об одном из таких дисплеев от компании Philips. Модель 243V7QSB/00 из серии V Line недавно поступила в тестовую лабораторию GameMAG.ru. В магазинах за нее просят 11,5 тысяч рублей. Дизайн у Philips V Line 243V достаточно простой — без каких-либо выделяющихся особенностей, что, впрочем, для недорогого сегмента обычное дело. Монитор полностью облачён в матовый чёрный пластик — корпус у него достаточно компактный. Толщина по бокам составляет всего 10 мм, а ближе к середине из-за округлой формы задней стенки, под которой скрывается вся начинка и встроенный блок питания, она увеличивается до 40 мм. Из украшательств задней панели монитора можно заметить лишь рельефную глянцевую надпись Philips и тонкую вентиляционную полоску под ней. Сзади также есть четыре отверстия для крепления монитора на кронштейн VESA 100 на 100 мм. Комплектная ножка в данном мониторе состоит из двух деталей — крупного пластикового плоского основания и небольшой пластиковой стойки. Последняя содержит металлические элементы лишь в месте крепления стойки к дисплею. Сборка ножки занимает считанные секунды и не требует дополнительных инструментов, так как монтаж деталей производится при помощи защёлкивающихся пазов. При установке на комплектную подставку пользователь может отрегулировать наклон дисплея на 5 градусов назад и на 20 градусов вперёд. Высота дисплея над поверхностью на ножке составляет 9 см. Спереди, как это принято у современных мониторов, экран с трёх сторон окружён тонкой рамкой по 2 мм в толщину, если не считать неактивную часть матрицы самого дисплея. Снизу же рамка самая большая — её толщина доходит уже 20 мм. На ней по середине красуется логотип производителя, выделенный рельефным орнаментом вокруг. В левом углу нанесено название модели, а в противоположном красуется наклейка стандарта энергоэффективности Energy Star. Ближе к правой стороне на рамке имеются обозначения пяти кнопок управления, которые находятся снизу монитора, и светодиод состояния. Последний светится исключительно белым, когда монитор включён, а в режиме ожидания он моргает. Ночью в целом это не мешает, так как свечение у него не очень яркое. Разъёмы у монитора размещены по соседству с местом крепления ножки и направлены вниз, что будет удобно при креплении Philips V Line 243V на кронштейн. Справа от ножки находится разъём питания, а слева всего два видеовхода – DVI-D и D-Sub (VGA). Для 2022 года, пожалуй, набор не самый удачный. Впрочем, есть у монитора и модификации с дополнительными, более современными, разъёмами HDMI и DisplayPort, а также аудиовыходом 3.5 мм на наушники или внешние динамики. Встроенной акустики у данной модели нет. Philips V Line 243V – неплохой представитель современных бюджетных мониторов. За свои деньги он предлагает вполне неплохую IPS-панель с хорошей цветопередачей, максимально сдержанный дизайн и хорошую сборку. Те, кому нужна модель с HDMI, могут доплатить всего 500 рублей и взять вариант с таким разъёмом. С другой стороны, мониторов, схожих по характеристикам или даже лучше (например, с FreeSync) в том же ценовом диапазоне на рынке достаточно много, так что Philips V Line 243V легко может затеряться среди них.', 'storage/images/1684501651_original.jpg', 1, '2023-05-19', 1),
(11, 'Electrolux EKC954908 W', 'Продукт уважаемого и известного бренда в средней ценовой категории', 4, 'В нашу лабораторию попал интересный прибор: электрическая отдельностоящая плита Electrolux EKC954908 W. Продукт уважаемого и известного бренда в средней ценовой категории — это уже интересно, так что мы загорелись возможностью подробно исследовать плиту. Методика тестирования — та же, которую мы применяем для варочных поверхностей и духовок: устройство устанавливается у тестера дома, и автор «живет» с прибором вместе в течение месяца-полутора. Он готовит самые разные блюда, осваивается с особенностями управления, имеет время, чтобы почувствовать все плюсы и минусы. В статью входит несколько примеров приготовленных блюд, наиболее иллюстративных с точки зрения тестирования различных функций прибора. Плита Electrolux EKC954908 W обладает набором качеств, присущих современному устройству. Стеклокерамическая варочная поверхность оснащена расширяемыми в зависимости от применяемой посуды конфорками, есть и овальная конфорка для посуды соответствующей формы. Также заявлены широкие возможности духовки, позволяющей вместить несколько уровней с приготовляемыми блюдами или заготовками и имеющей широкий температурный диапазон (от 50 °C). Еще духовка оснащена телескопическими направляющими для одного из уровней, вентилятором горячего воздуха, таймером и главной особенностью модели: функцией PlusSteam, позволяющей делать выпечку с паром. Вот со всем этим богатством мы и собираемся разобраться в процессе тестирования. Сверху — стеклокерамическая варочная поверхность. Приглядевшись, можно увидеть, что она не совсем обычная. Одна из четырех конфорок (левая нижняя) — круглая, расширяемая до круга большего диаметра и позволяющая большую вариативность в использовании посуды (грубо говоря, обычная редкоиспользуемая конфорка для ковшика или джезвы может становиться полноформатной). Еще две конфорки имеют вид вполне обычный, а вот правая верхняя — тоже расширяемая, причем до формы овала (привет, утятницы, латки и продолговатые казаны). Сверху у задней стенки расположены отверстия для выхода пара, которые при использовании функции PlusSteam выполняют свою роль весьма активно. Панель управления — это шесть поворотных ручек, дисплей, кнопка PlusSteam и кнопки управления таймером/установки часов.', 'storage/images/1684501852_img-2-13_large.jpg', 1, '2023-05-19', 1),
(12, 'Планета Марс', 'именно на эту планету в скором будущем высадятся первые астронавты', 2, 'Марс — четвертая по удаленности от звезды планета Солнечной системы. Диаметр планеты — 6794 км (0,53 диаметра Земли). Его орбита находится в 1,52 а. е. от Солнца. У Марса есть два спутника: Фобос и Деймос. Период вращения планеты вокруг оси составляет 24 часа 37 минут, период обращения вокруг Солнца — 1,88 земного года. Атмосфера Марса разрежена и на 95% состоит из углекислого газа, также в ней содержатся азот, аргон и кислород. Поверхность планеты покрыта кратерами, вулканами и каньонами. Предполагается, что в далеком прошлом Марс мог быть покрыт водой. По невыясненным причинам, то ли из-за отсутствия магнитного поля, то ли из-за катастрофы геологического масштаба (например, падения очень крупного астероида или даже планетезимали), планета лишилась своего магнитного поля, и из-за солнечного ветра вскоре потеряла как океаны, так и большую часть атмосферы. Благодаря космическим аппаратам были получены доказательства существования в марсианском грунте водяного льда. Температура на поверхности планеты колеблется от -150°С до +20°С. Является седьмой по размерам среди планет Солнечной системы, хорошо видна с Земли невооруженным глазом. Марс — одна из наиболее изученных человеком планет. Первые снимки планеты с близкого расстояния были получены в 1965 году. К настоящему времени в изучении Марса принимали участие как орбитальные станции (программы Viking, Mariner — США, Марс — СССР/Россия), так и посадочные модули и марсоходы (Opportunity, Curiosity — США). В 2016 году начала работу международная миссия ExoMars. Посадочный модуль мисссии — Schiaparelli — при посадке потерпел крушение, упав на поверхность планеты со скоростью до 300 км/час. Фото: ESO/M. Kornmesser', 'storage/images/1684502184_1920x1080.jpg', 3, '2023-05-19', 1),
(13, 'Галактика Андромеда', 'информация про галактику-соседа', 2, 'Галактика Андромеды (или Андромеда, M 31, NGC 224, Туманность Андромеды) — спиральная галактика типа Sb, крупнейшая галактика Местной группы. Ближайшая к Млечному Пути большая галактика. Содержит примерно 1 триллион звёзд, что в 2,5-5 раз больше Млечного Пути. Расположена в созвездии Андромеды и отдалена от Земли на расстояние 2,52 млн св. лет. Плоскость галактики наклонена к лучу зрения под углом 15°, её видимый размер — 3,2 × 1,0°, видимая звёздная величина — +3,4m. Первое письменное упоминание о галактике Андромеды содержится в «Каталоге неподвижных звезд» персидского астронома Ас-Суфи (946 год), описавшего её как «маленькое облачко». Первое описание объекта, основанное на наблюдениях с помощью телескопа, было сделано немецким астрономом Симоном Мариусом в 1612 году. При создании своего знаменитого каталога Шарль Мессье внёс объект под определением M 31, ошибочно приписав открытие Мариусу. В 1785 году Уильям Гершель отметил слабое красное пятнышко в центре M 31. Он считал, что галактика представляет собой ближайшую из всех туманностей, и вычислил расстояние до неё (совершенно не соответствующее действительности), эквивалентное 2000 расстояний между Солнцем и Сириусом. В 1864 году Уильям Хаггинс, наблюдая спектр M 31, обнаружил, что он отличается от спектров газопылевых туманностей. Данные указывали на то, что M 31 состояла из множества отдельных звёзд. Исходя из этого, Хаггинс предположил звёздную природу объекта, что в последующие годы и подтвердилось. В 1885 году в галактике вспыхнула сверхновая SN 1885A, в астрономической литературе известная как S Андромеды. За всю историю наблюдений это пока лишь одно подобное событие, зарегистрированное в M 31. Первые фотографии галактики были получены валлийским астрономом Исааком Робертсом в 1887 году. Используя собственную небольшую обсерваторию в Сассексе, он сфотографировал M 31 и впервые определил спиральную структуру объекта. Однако в то время всё ещё считалось, что М31 принадлежит нашей Галактике, и Робертс ошибочно считал, что это — другая солнечная система с формирующимися планетами. Лучевую скорость галактики определил американский астроном Весто Слайфер в 1912 году. Используя спектральный анализ, он вычислил, что M 31 движется по направлению к Солнцу с неслыханной для известных астрономических объектов того времени скоростью: около 300 км/с. Специалисты Гарвард-Смитсоновского центра астрофизики, проанализировав результаты 10-летнего наблюдения за M 31 при помощи орбитальной обсерватории “Чандра” (Chandra), открыли, что свечение материи, падающей на ядро галактики Андромеды, было тусклым до 6 января 2006 года, когда произошла вспышка, повысившая яркость M31* в рентгеновском диапазоне в 100 раз. Далее яркость снизилась, но всё равно так и осталась в 10 раз более мощной, чем до 2006 года. Галактика Андромеды, как и Млечный Путь, принадлежит к Местной группе, и движется по направлению к Солнцу со скоростью 300 км/с, таким образом, она относится к объектам, имеющим фиолетовое смещение. Определив направление движения Солнца по Млечному Пути, астрономы выяснили, что галактика Андромеды и наша Галактика приближаются друг к другу со скоростью 100—140 км/с. Соответственно, столкновение двух галактических систем произойдёт приблизительно через 3-4 миллиарда лет. Если это произойдёт, они обе, скорее всего, сольются в одну большую галактику. Не исключено, что при этом наша Солнечная система будет выброшена в межгалактическое пространство мощными гравитационными возмущениями. Разрушения Солнца и планет, вероятнее всего, при этом процессе не произойдёт. Согласно опубликованным в сентябре 2014 года данным, по одной из моделей, через 4 млрд лет Млечный Путь «поглотит»Большое и Малое Магеллановы Облака, а через 5 млрд лет сам будет поглощён Туманностью Андромеды.', 'storage/images/1684502425_0_91407_fe8aa2dc_orig1-870x653.jpg', 3, '2023-05-19', 1),
(14, 'Вояджер-1', 'Послание человечества в космос', 4, '«Вояджер-1» (англ. Voyager-1) — американский космический зонд, исследующий Солнечную систему с 5 сентября 1977 года. Основная миссия космической программы «Вояджер» заключалась в исследовании Юпитера и Сатурна. «Вояджер-1» стал первым космическим зондом, который сделал детальные снимки спутников этих планет. По завершении основной миссии он приступил к выполнению дополнительной миссии по исследованию отдалённых регионов Солнечной системы, включая пояс Койпера и границу гелиосферы. «Вояджер-1» является самым быстрым из покидающих Солнечную систему космических зондов, а также наиболее удалённым от Земли объектом из созданных человеком. Текущее удаление «Вояджера-1» от Земли и от Солнца, скорость его движения и статус научной аппаратуры отображаются в режиме реального времени на сайте NASA. На борту аппарата закреплён футляр с золотой пластинкой, где для предполагаемых инопланетян указано местонахождение Земли, а также записан ряд изображений и звуков. «Вояджер-1» стартовал 5 сентября 1977 года. Длительность миссии первоначально была определена в 5 лет. Его близнец, космический зонд «Вояджер-2», был запущен на 16 дней раньше, но он уже никогда не догонит «Вояджер-1». Основное отличие программы «Вояджер-1» — то, что для него была выбрана более короткая трасса, чем для «Вояджера-2»: «Вояджер-1» должен был посетить только Юпитер и Сатурн. Аппарат впервые передал детальные снимки Юпитера и Сатурна (а также ряда их спутников) и другие научные данные (снимки «Пионеров» были менее подробными). Выход за пределы гелиосферы Последняя научная задача «Вояджера-1» — исследование окраин гелиосферы, ограничивающей её гелиопаузы и находящейся за этой границей области межзвёздной среды. «Вояджер-1» стал первым зондом, передавшим информацию об условиях, царящих в межзвёздной среде. В 2004 году на расстоянии 94 а.е. от Солнца «Вояджер-1» пересёк границу ударной волны, создаваемой снижением скорости солнечного ветра ниже скорости звука в составляющей его плазме. Аппарат оказался в области, называемой гелиосферной мантией (англ. heliosheath), где солнечный ветер ведёт себя как упругий газ, сжимаясь и разогреваясь от взаимодействия с межзвёздной средой. По мере удаления от границы ударной волны регистрируемая радиальная скорость частиц солнечного ветра неуклонно снижалась. С апреля по июнь 2010 года «Вояджер-1» пересёк область, лежащую на расстоянии 113,5—115,7 а.е. от Солнца, в которой радиальная составляющая скорости солнечного ветра упала до нуля. Для уточнения сведений (впервые после 1990 года) были предприняты манёвры по переориентации аппарата. Учёные пришли к выводу, что в этой области солнечный ветер отклоняется в сторону давлением межзвёздной среды. К декабрю 2011 года «Вояджер-1» удалился на 119 а.е. (17,8 млрд км) от Солнца и достиг так называемого «региона стагнации». Этот регион характеризуется удвоением напряжённости магнитного поля, что объясняется уплотнением вещества солнечного ветра, который останавливается и даже разворачивается назад давлением межзвёздной среды. Количество высокоэнергетических электронов, проникающих из межзвёздного пространства, к этому времени повысилось примерно в 100 раз относительно показателей 2010 года. Примерно в это же время новый метод обработки данных от детекторов ультрафиолетового излучения «Вояджеров», разработанный Розиной Лаллеман из Парижской обсерватории, позволил впервые в истории обнаружить ультрафиолетовое излучение в диапазоне Лайман-альфа, испускаемое атомами водорода в находящихся за пределами Солнечной системы областях Млечного Пути. Наблюдения с орбиты Земли не позволяют этого сделать, поскольку внешнее излучение заглушается более сильным аналогичным излучением водорода околосолнечного пространства. С января по начало июня 2012 года датчики «Вояджера-1» зафиксировали рост уровня галактических космических лучей — высокоэнергетических заряженных частиц межзвёздного происхождения — на 25 %. Эти данные указали учёным, что «Вояджер-1» приближается к границе гелиосферы и вскоре выйдет в межзвёздную среду. 28 июля на расстоянии около 121 а.е. от Солнца датчиками «Вояджера-1» было зафиксировано резкое снижение числа частиц и космических лучей, относящихся к гелиосфере, с одновременным повышением интенсивности галактических космических лучей. Вскоре показания вернулись к прежним значениям. Такие изменения происходили пять раз, и после 25 августа возврата к прежним значениям больше не произошло. Ранее считалось, что выход за пределы гелиосферы должен сопровождаться изменением направленности магнитного поля, но было зафиксировано лишь изменение его интенсивности без существенного изменения направленности. Это вызвало сомнения относительно того, действительно ли «Вояджер-1» пересёк гелиопаузу и находится в межзвёздной среде. Вопрос оставался дискуссионным до 12 сентября 2013 года, когда группа учёных под руководством Дональда Гарнетта[de] опубликовала результаты исследования колебаний окружающей аппарат плазмы, доказывающие, что её электронная плотность соответствует ожидаемой для межзвёздной среды. Хотя отсутствие изменений в направленности магнитного поля оставалось не объяснённым, было признано, что «Вояджер-1» преодолел границу гелиосферы около 25 августа 2012 года. Масса аппарата при старте составляла 798 кг, масса полезной нагрузки — 86 кг. Длина — 2,5 м. Корпус аппарата — десятигранная призма с центральным проёмом. На корпусе смонтирован отражатель направленной антенны диаметром 3,66 метра[10]. Электропитание обеспечивают три вынесенных на штанге радиоизотопных термоэлектрических генератора, использующих плутоний-238 в виде окиси (в силу удалённости от Солнца солнечные батареи были бы бесполезны). На момент старта общее тепловыделение генераторов составляло около 7 киловатт, их кремний-германиевые термопары обеспечивали 470 ватт электрической мощности[11]. По мере распада плутония-238 (его период полураспада составляет 87,7 года) и деградации термопар мощность термоэлектрических генераторов падает. На 19.05.2023 остаток плутония-238 равен 69,7 % от начального, к 2025 году тепловыделение упадёт до 68,8 % от начального. Кроме штанги электрогенераторов, к корпусу прикреплены ещё две: штанга с научными приборами и отдельная штанга магнитометра[10]. Управление «Вояджером» осуществляют три компьютерные системы. Эти системы можно перепрограммировать с Земли, что позволяло менять научную программу и обходить возникающие неисправности. Основную роль играет командная компьютерная подсистема (англ. computer command subsystem), содержащая два независимых блока оперативной памяти по 4096 машинных слов и два процессора, которые могут работать как дублируя друг друга, так и независимо. Ёмкость запоминающего устройства на основе магнитной ленты — около 536 мегабит (до 100 изображений от телевизионных камер). В системе трёхосной ориентации используются два датчика Солнца, датчик звезды Канопус, инерциальный измерительный блок, а также 16 реактивных микродвигателей. В системе коррекции траектории используются четыре таких микродвигателя. Они рассчитаны на восемь коррекций при общем приращении скорости 200 м/с. Антенн две: ненаправленная и направленная. Обе антенны работают на частоте 2113 МГц на приём и 2295 МГц на передачу (S-диапазон), а направленная антенна — ещё и 8415 МГц на передачу (X-диапазон)[10]. Мощность излучения — 28 Вт в S-диапазоне, 23 Вт в X-диапазоне. Радиосистема «Вояджера» передавала поток информации со скоростью 115,2 кбит/с от Юпитера и 45 кбит/с — от Сатурна. На определённом этапе миссии была реализована схема сжатия изображений, для чего был перепрограммирован бортовой компьютер. Также был задействован имевшийся на «Вояджере» экспериментальный кодировщик данных: схема коррекции ошибок в принимаемых и передаваемых данных была изменена с двоичного кода Голея на код Рида — Соломона, что сократило количество ошибок в 200 раз. На борту аппарата закреплена золотая пластина, на которой для потенциальных инопланетян указаны координаты Солнечной системы и записан ряд земных звуков и изображений.', 'storage/images/1684502658_Снимок-22.png', 3, '2023-05-19', 1),
(16, 'Комета Хейла Боппа', 'Одна из ярчайших комет 20 века', 2, 'Комета Хейла Боппа относится к тому числу комет, которые появляются над Землей раз в 2500 лет, и была обнаружена в тот момент, когда уже вплотную приблизилась к Земле. Это случилось 23 июля 1995 года, когда американские астрономы по имени Алан Хейл и Томас Бопп в одно и то же время заметили совсем близко небесный объект, перемещающийся относительно звезд. Астрономы приняли решение сообщить об этом в американское Центральное бюро астрономии. Именно оно принимает решение о том, было ли открыто новое небесное тело. Сообщение было немедленно отправлено, и уже 24 июля вся планета узнала об открытии новой кометы. Свое имя она носит в честь первооткрывателей Алана Хейла и Томаса Боппа. Открытая ими комета появилась над Землей весной 1996 года, а точнее в мае и видеть ее без специальных приборов можно было до зимы 1997 года, лишь в декабре она покинула небосклон планеты Земля. Хейла Боппа была и по сей день остается самой яркой из всех, которые наблюдались учеными. С помощью сложных расчетов они выяснили, что увидеть ее в следующий раз можно будет лишь в 4390 году. Исследовалась комета Хейла Боппа разными учеными на протяжении полутора лет, в результате чего было сделано много открытий, некоторые из которых вызвали ряд бурных споров и версий. Помимо всего прочего у данной кометы был найден хвост третьего типа, уникальный по своему составу. Обычно хвост состоит из газового и пылевого хвоста, а в этот раз был еще и натриевый хвост, который ученные обнаружили при помощи специальных сложных технических приборов. Как нейтральные атомы смогли образовать хвост, так и осталось загадкой. Так же у данной кометы были обнаружены уникальные свойства ее ядра, при вращении оно меняло не только ось вращения и период, но и даже направление вращения. В результате учеными было сделано предположение, что у нее два ядра, но доказать этого они не смогли в прочем как и опровергнуть. Была и другая теория, некоторые исследователи предполагали что внутри кометы может находиться инопланетный аппарат, но доказать это никто не смог. Несомненно, комета войдет в историю как самое уникальное небесное тело, которое люди смогли наблюдать в 20 веке, а так же как причина массовых помешательств на мистической и апокалиптической волне. Возникали все возможные легенды, мифы и странные истории, связанные с кометой. Но одними историями дело не окончилось. Секта под названием «Врата небес» под предводительством Маршалла Эйплуайта в количестве 39 человек простились с жизнью, поверив в его учения. Наставник призвал пройти программу самосовершенствования, после чего последователи его секты оставят свои тела и присоединяться к инопланетянам. А получившая широкую огласку легенда о том, что именно инопланетный корабль спрятан за кометой и стала сигналом для членов секты. В результате 22 марта 1997 года произошел самый массовый случай суицида в истории США.', 'storage/images/1684503170_kometa-heila-boppa-4.jpg', 3, '2023-05-19', 1),
(17, 'Рысь обыкновенная', 'Большая лесная кошка', 3, 'Рысь - типичная кошка величиной с крупную собаку. Туловище короткое, плотное, хвост с обрубленным концом. Уши треугольные, заостренные, на концах растут кисточки. Лапы длинные, сильные. Голова небольшая округлая, по бокам растут &quot;бакенбарды&quot;. Морда короткая, глаза широкие, зрачки вертикальные. Линька два раза в год: весной и осенью. Мех длинный мягкий, густой. Особенно длинная шерсть на брюхе. Окрас серовато-рыжий с голубовато-серебристым или красноватым оттенком, на спине и боках бурый крап. Живот чисто белый с редким крапом. Летний мех грубее и короче, окрашен ярче , чем зимний. Зимняя шерсть очень густая, от палево-дымчатого до ржаво-красноватого. Ведет наземный сумеречный образ жизни. На охоту выходит вечером и рано утром. Зимой встречается и в светлое время суток. У рыси есть любимые места для отдыха и тропы, которыми она постоянно пользуется. Хорошо лазает по деревьям, но забирается на них только в поисках пищи и убежища. Может перепрыгивать высокие преграды. Зрение и слух хорошо развиты. Охотится на земле, подкрадываясь к добыче. Своими острыми когтями рысь держит жертву и убивает ее укусом в основание черепа. За один присест съедает до 4 кг мяса. Оставшиеся излишки прячет и возвращается к ним на следующий день. Во время ходьбы рысь ставит задние лапы точно в следы, оставленные передними лапами. Мягкие подушки на ногах помогают тихо подкрасться к добыче на близкое расстояние. Вне сезона размножения рысь ведет одиночный образ жизни. Границы своего охотничьего участка метит мочой, фекалиями и секретом кожных желез. На стволах деревьев когтями оставляет царапины. Площадь участка зависит от количества доступной пищи. Основу рациона рыси составляют мелкие грызуны (полевки, белки, мыши, крысы, суслики, дикобразы), зайцеобразные (зайцы, кролики) и птицы. Дополнительно ловит змей, летучих мышей и насекомых. В голодное время может нападать и на молодых копытных, поедать падаль и воровать тушки из охотничьих капканов. Изредка поедает растительные корма (плоды).', 'storage/images/1684504184_c42380540e2bc1ba6f95b370ad89ebf9.jpg', 4, '2023-05-19', 1),
(18, 'Чёрная дыра', 'Что это за загадочное явление?', 2, 'Черная дыра — область пространства-времени с настолько сильным гравитационным полем, что ничто, включая свет, не может ее покинуть. Граница, разделяющая черную дыру и внешнее пространство, называется горизонтом событий. Черная дыра возникает на финальных стадиях эволюции самых массивных звезд. На последних этапах своей жизни, когда у такой звезды заканчивается процесс горения ее химических элементов, ядро схлопывается и звезда коллапсирует. В результате коллапса, если ничто не может его остановить, возникает черная дыра. Типичная масса такого объекта превышает солнечную в десять раз. За неимением наблюдательных данных, а также ввиду невозможности получить потенциальные сигналы из черной дыры, внутреннее ее устройство до сих пор остается неизвестным. Исходя из расчетов, возможно, что внутри каждой черной дыры находится сингулярность — точка пространства-времени, где его искривление (или некая другая физическая величина) достигает бесконечного значения. Благодаря телескопам, работающим в рентгеновском и гамма-диапазонах, известно, что черные дыры являются достаточно распространенным явлением. Так, в центре Млечного Пути была обнаружена сверхмассивная черная дыра, масса которой превышает массу Солнца в миллион раз. Предполагается, что каждая дыра обладает свойством излучения Хокинга — гипотетическим процессом испускания разнообразных элементарных частиц, преимущественно фотонов. Согласно общей теории относительности, при образовании Вселенной могли бы рождаться первичные черные дыры, а некоторые из них (с начальной массой 10¹² кг) должны были бы заканчивать испаряться сегодня. Так как интенсивность испарения растет с уменьшением размера черной дыры, то последние стадии должны были бы стать взрывом черной дыры. Пока таких взрывов зарегистрировано не было. Впервые предположение о существовании черной дыры выдвинул ученый Джон Мичелл в 1783 году. Он утверждал, что если сжать Солнце до размеров около 6 км в диаметре, то свет не сможет его покинуть. Пьер-Симон Лаплас в своем труде «Изложение системы мира» 1796 года также фактически предсказал существование черных дыр. Сам термин был введен физиком-теоретиком Джоном Уилером в лекции «Наша Вселенная: известное и неизвестное» в 1969 году. В феврале 2016 года было объявлено, что в конце 2015 года впервые были зафиксированы гравитационные волны. Физики пришли к выводу, что они были порождены двумя черными дырами в последние доли секунды их слияния с образованием одной, более массивной, вращающейся черной дыры. Открытие окончательно подтвердило существование данных объектов.', 'storage/images/1684504251_Post-December-2015-5-1.jpg', 4, '2023-05-19', 1),
(19, 'Ниагарский водопад', 'про комплекс водопадов на реке Ниагаре', 1, 'В том, что Ниагарский водопад (Niagara Falls) является одним из чудес света, неминуемо убеждается каждый счастливчик, почувствовавший на своей коже прохладу брызг гигантских потоков, громогласно низвергающихся со скал в живописном местечке на границе США и Канады. Ниагара — «грохочущая вода» — водопад, низвергающийся с высоты 50 м, чудо природы и достопримечательность Канады и США. Каждый год миллионы туристов приезжают в Северную Америку, чтобы увидеть это олицетворение силы и мощи природы. Ниагару видно и слышно задолго до ее появления: перед вами появляется облако водяного пара и слышен шум разбивающееся воды. Легендарный комплекс водопадов «Подкова» (Horseshoe Falls), «Американский водопад» (American Falls) и «Фата» (Bridal Veil Falls) находится вблизи пяти крупнейших пресных озер земного шара: Верхнее, Мичиган, Гурон, Эри и Онтарио и является туристической гордостью процветающих одноименных городков-собратьев Ниагара-Фолс, канадского и американского. Возле водопада находятся два острова — Лунный и Козий, а со скалы вода несется тремя потоками. Канадцам повезло, ведь самый крупный водопад «Большая подкова» находится на территории их страны. В ширину он достигает 800 метров. А водопады «Фата невесты» и «Американский» забрали себе США. Ниагарский водопад — самый мощный и широкий в Северной Америке. Все три водопада имеют ширину более километра, высоту — около 50 м. Водопад открыт круглый год. Лето — лучшее время для посещения Ниагары. Зимой, когда температура опускается ниже ноля, берега и смотровые площадки покрываются льдом, а экскурсии на открытом воздухе довольно прохладны. Зато зимой в Канаде возле водопада проводится фестиваль огней. На фоне темного неба взрываются фейерверки и отражаются в струях воды и ледяном поясе водопада.', 'storage/images/1684504764_Niagara-falls.jpg', 4, '2023-05-19', 1),
(20, 'Телескоп Хаббл', 'автоматическая обсерватория (телескоп) на орбите вокруг Земли, названная в честь американского астронома Эдвина Хаббла', 4, 'Запуск совместного проекта NASA и Европейского космического агентства состоялся 24 апреля 1990 г. Оказавшись на орбите, первый орбитальный телескоп «Хаббл» положил начало астрономической революции. До этого главной проблемой оптической астрономии была неоднородность земной атмосферы, которая искажает свет звезд. Из-за их мерцания астрономическая видимость с Земли ограничена, поэтому космос – единственное место, где телескоп может получить четкое представление о Вселенной. Орбитальный телескоп «Хаббл» – это огромная космическая обсерватория для исследования Вселенной в видимом, ультрафиолетовом и инфракрасном диапазонах волн. Такой широкий диапазон позволяет «Хаббл» получать четкие изображения звезд, галактик и других астрономических объектов, которые уже значительно расширили наши знания о Вселенной. Своё название орбитальный телескоп получил в честь основоположника внегалактической астрономии Эдвина Хаббла. Он открыл закон расширения Вселенной и сформулировал закон всеобщего &quot;разбегания&quot; галактик, названный в его честь. Помимо закона и телескопа, имя астронома-первопроходца получили кратер на Луне, астероид, открытый в 1955 г. и постоянная Хаббла – скорость расширения Вселенной. «Хаббл» оснащен двумя спектрографами, широкоугольной и усовершенствованной для съемок камерами, датчиками точного наведения, двумя почти 8-метровыми солнечными панелями и другим оборудованием. Орбитальный телескоп движется со скоростью 27300 км/ч на высоте около 540 км от Земли, делая при этом один оборот примерно за 95 мин.  Благодаря «Хаббл» удалось определить возраст Вселенной – 13,8 млрд лет, подтвердить существование планет за пределами солнечной системы, найти возможного кандидата на поиск жизненных форм – спутник Юпитера Ганимеда, на котором телескоп обнаружил огромный подземный океан под 150-километровой толщей льда. Из новейших достижений телескопа: недавно «Хаббл» определил размер самого большого из всех когда-либо наблюдавшихся астрономами ледяного ядра кометы – 500 трлн т, что в 100 тыс раз превышает массу типичной кометы. Ранее космический аппарат обнаружил рекордно далекую от Земли наблюдаемую звезду. «Хаббл» работает без выходных: каждые 24 часа 7 дней в неделю телескоп  исследует Вселенную. В честь 30-летия космического аппарата в 2020 г.  NASA запустил на сайте инфотейнмент – гибрид информационного и развлекательного контента – «Что увидел Хаббл в ваш день рождения?». При введении дня и месяца пользователь может получить фото, сделанное телескопом в дату его рождения. Например, согласно сайту, 24 апреля 1991 г. – через год после запуска – «Хаббл» сделал фотографию небольшого участка сверхновой звезды «Петля Лебедя». Получив изображение и краткую информацию о нем, картинкой можно поделиться с друзьями в социальных сетях.', 'storage/images/1684504895_HST-SM4.jpeg', 4, '2023-05-19', 1);

-- --------------------------------------------------------

--
-- Структура таблицы `categories`
--

CREATE TABLE `categories` (
  `id` bigint(24) NOT NULL,
  `title` varchar(255) COLLATE utf8mb4_unicode_ci DEFAULT NULL
) ENGINE=InnoDB DEFAULT CHARSET=utf8mb4 COLLATE=utf8mb4_unicode_ci;

--
-- Дамп данных таблицы `categories`
--

INSERT INTO `categories` (`id`, `title`) VALUES
(1, 'Природа'),
(2, 'Космос'),
(3, 'Животные'),
(4, 'Техника');

-- --------------------------------------------------------

--
-- Структура таблицы `comments`
--

CREATE TABLE `comments` (
  `id` bigint(24) NOT NULL,
  `name` varchar(255) COLLATE utf8mb4_unicode_ci DEFAULT NULL,
  `body` text COLLATE utf8mb4_unicode_ci DEFAULT NULL,
  `user_id` bigint(24) DEFAULT NULL,
  `article_id` bigint(24) DEFAULT NULL,
  `time` date NOT NULL DEFAULT current_timestamp()
) ENGINE=InnoDB DEFAULT CHARSET=utf8mb4 COLLATE=utf8mb4_unicode_ci;

--
-- Дамп данных таблицы `comments`
--

INSERT INTO `comments` (`id`, `name`, `body`, `user_id`, `article_id`, `time`) VALUES
(1, 'Карл', 'asdf', 3, 2, '2023-04-21'),
(3, 'Глеб', 'Прикольно)', 1, 2, '2023-05-19');

-- --------------------------------------------------------

--
-- Структура таблицы `users`
--

CREATE TABLE `users` (
  `id` bigint(24) NOT NULL,
  `name` varchar(255) COLLATE utf8mb4_unicode_ci DEFAULT NULL,
  `surname` varchar(250) COLLATE utf8mb4_unicode_ci DEFAULT NULL,
  `email` varchar(150) COLLATE utf8mb4_unicode_ci DEFAULT NULL,
  `login` varchar(255) COLLATE utf8mb4_unicode_ci DEFAULT NULL,
  `password` varchar(255) COLLATE utf8mb4_unicode_ci DEFAULT NULL,
  `avatar` varchar(500) COLLATE utf8mb4_unicode_ci DEFAULT 'storage/avatars/avatar.png',
  `description` text COLLATE utf8mb4_unicode_ci DEFAULT 'Автор и читатель на Our World!'
) ENGINE=InnoDB DEFAULT CHARSET=utf8mb4 COLLATE=utf8mb4_unicode_ci;

--
-- Дамп данных таблицы `users`
--

INSERT INTO `users` (`id`, `name`, `surname`, `email`, `login`, `password`, `avatar`, `description`) VALUES
(1, 'Глеб', 'Хлебов', 'bread@mail.com', 'Bread_Gleb', '$2y$10$2PSC6nu7s2sICZz25UrrHOoLvBoRCR7zMLrggkqaCAfDLU/gJeGIO', 'storage/avatars/1681813463_AczipoeQDN4.jpg', 'Автор и читатель на Our World!'),
(2, 'Мила', 'Йовович', 'mila@mail.com', 'Mila_Q', '$2y$10$HHbzF1MF7nvlwGmInXD1duEB2UHL3Fk0Ku6CCOMt7PuAvw5MYpcWG', 'storage/avatars/1681813440_pqX5jAQALEg (1).jpg', 'Научная сотрудница ОмГТУ'),
(3, 'Карл', 'Саган', 'sagan@mail.com', 'superuniverse', '$2y$10$oGjq4wN4eLCSZ8ctYatj9OG3MDmPD9xLeNNsAj1b8RtqP4Gr0xTCC', 'storage/avatars/1681813485_2a43-full.jpg', 'Астрофизик, мечтатель'),
(4, 'Евгений', 'Евгеньев', 'evg@mail.com', 'evgen', '$2y$10$G9M4Vym4teUfy3pSFshlBu759tzs79FNyfeZ0bgUGoF4UBq4ortYy', 'storage/avatars/avatar.png', 'Автор и читатель на Our World!');

--
-- Индексы сохранённых таблиц
--

--
-- Индексы таблицы `articles`
--
ALTER TABLE `articles`
  ADD PRIMARY KEY (`id`),
  ADD KEY `category_id` (`category_id`),
  ADD KEY `user_id` (`user_id`);

--
-- Индексы таблицы `categories`
--
ALTER TABLE `categories`
  ADD PRIMARY KEY (`id`);

--
-- Индексы таблицы `comments`
--
ALTER TABLE `comments`
  ADD PRIMARY KEY (`id`),
  ADD KEY `article_id` (`article_id`),
  ADD KEY `user_id` (`user_id`);

--
-- Индексы таблицы `users`
--
ALTER TABLE `users`
  ADD PRIMARY KEY (`id`);

--
-- AUTO_INCREMENT для сохранённых таблиц
--

--
-- AUTO_INCREMENT для таблицы `articles`
--
ALTER TABLE `articles`
  MODIFY `id` bigint(24) NOT NULL AUTO_INCREMENT, AUTO_INCREMENT=21;

--
-- AUTO_INCREMENT для таблицы `categories`
--
ALTER TABLE `categories`
  MODIFY `id` bigint(24) NOT NULL AUTO_INCREMENT, AUTO_INCREMENT=5;

--
-- AUTO_INCREMENT для таблицы `comments`
--
ALTER TABLE `comments`
  MODIFY `id` bigint(24) NOT NULL AUTO_INCREMENT, AUTO_INCREMENT=4;

--
-- AUTO_INCREMENT для таблицы `users`
--
ALTER TABLE `users`
  MODIFY `id` bigint(24) NOT NULL AUTO_INCREMENT, AUTO_INCREMENT=5;

--
-- Ограничения внешнего ключа сохраненных таблиц
--

--
-- Ограничения внешнего ключа таблицы `articles`
--
ALTER TABLE `articles`
  ADD CONSTRAINT `articles_ibfk_1` FOREIGN KEY (`category_id`) REFERENCES `categories` (`id`) ON DELETE CASCADE ON UPDATE CASCADE,
  ADD CONSTRAINT `articles_ibfk_2` FOREIGN KEY (`user_id`) REFERENCES `users` (`id`) ON DELETE CASCADE ON UPDATE CASCADE;

--
-- Ограничения внешнего ключа таблицы `comments`
--
ALTER TABLE `comments`
  ADD CONSTRAINT `comments_ibfk_1` FOREIGN KEY (`article_id`) REFERENCES `articles` (`id`) ON DELETE CASCADE ON UPDATE CASCADE,
  ADD CONSTRAINT `comments_ibfk_2` FOREIGN KEY (`user_id`) REFERENCES `users` (`id`) ON DELETE CASCADE ON UPDATE CASCADE;
COMMIT;

/*!40101 SET CHARACTER_SET_CLIENT=@OLD_CHARACTER_SET_CLIENT */;
/*!40101 SET CHARACTER_SET_RESULTS=@OLD_CHARACTER_SET_RESULTS */;
/*!40101 SET COLLATION_CONNECTION=@OLD_COLLATION_CONNECTION */;
